{
  "students": [
    {"name": "Antanas", "age": 60, "height": 195.95},
    {"name": "Kazys", "age": 77, "height": 175.65},
    {"name": "Petras", "age": 40, "height": 180},
    {"name": "Sonata", "age": 41, "height": 190.13},
    {"name": "Mantas", "age": 45, "height": 178.95},
    {"name": "Martynas", "age": 48, "height": 190},
    {"name": "Saimonas", "age": 75, "height": 170.01},
    {"name": "Vacys", "age": 65, "height": 180.65},
    {"name": "Robertas", "age": 33, "height": 182},
    {"name": "Mykolas", "age": 48, "height": 187.95},
    {"name": "Aldona", "age": 46, "height": 190.13},
    {"name": "Asta", "age": 43, "height": 170.01},
    {"name": "Viktoras", "age": 70, "height": 180.65},
    {"name": "Zigmas", "age": 55, "height": 180},
    {"name": "Vytas", "age": 53, "height": 170.85},
    {"name": "Jonas", "age": 66, "height": 199.95},
    {"name": "Andrius", "age": 67, "height": 190.13},
    {"name": "Arturas", "age": 55, "height": 170.01},
    {"name": "Simonas", "age": 46, "height": 189.43},
    {"name": "Kazys", "age": 59, "height": 185.64},
    {"name": "Petras", "age": 64, "height": 177.43},
    {"name": "Rita", "age": 43, "height": 175},
    {"name": "Simas", "age": 32, "height": 184.43},
    {"name": "Vaciukas", "age": 56, "height": 200.43},
    {"name": "Juozas", "age": 35, "height": 180}
  ]
}
